{
  "featured_products": [
    {
      "id": 1000,
      "img1": "/images/product1 (1).webp",
      "img2": "/images/product1 (2).webp",
      "title": "COLLETTE",
      "description": "(Product 35) Sample - Clothing And Accessory Boutiques For Sale",
      "price": "48.99"
    },
    {
      "id": 1001,
      "img1": "/images/product3 (1).webp",
      "img2": "/images/product3 (2).webp",
      "title": "COLLETTE",
      "description": "(Product 35) Sample - Clothing And Accessory Boutiques For Sale",
      "price": "48.99"
    },
    {
      "id": 1002,
      "img1": "/images/product2 (1).webp",
      "img2": "/images/product2 (2).webp",
      "title": "COLLETTE",
      "description": "(Product 35) Sample - Clothing And Accessory Boutiques For Sale",
      "price": "48.99"
    },
    {
      "id": 1003,
      "img1": "/images/raquel-gambin-kS3YkVtf85U-unsplash.jpg",
      "img2": "/images/h-co-cp-VMJ-mdKs-unsplash.jpg",
      "title": "COLLETTE",
      "description": "(Product 35) Sample - Clothing And Accessory Boutiques For Sale",
      "price": "48.99"
    },
    {
      "id": 1004,
      "img1": "/images/r-n-tyfqOL1FAQc-unsplash.jpg",
      "img2": "/images/oleg-ivanov-sg_gRhbYXhc-unsplash.jpg",
      "title": "COLLETTE",
      "description": "(Product 35) Sample - Clothing And Accessory Boutiques For Sale",
      "price": "48.99"
    },
    {
      "id": 1005,
      "img1": "/images/product1 (1).webp",
      "img2": "/images/product1 (2).webp",
      "title": "COLLETTE",
      "description": "(Product 35) Sample - Clothing And Accessory Boutiques For Sale",
      "price": "48.99"
    },
    {
      "id": 1006,
      "img1": "/images/product2 (1).webp",
      "img2": "/images/product2 (2).webp",
      "title": "COLLETTE",
      "description": "(Product 35) Sample - Clothing And Accessory Boutiques For Sale",
      "price": "48.99"
    }
  ],
  "top_categories": [
    {
      "id": "t1",
      "img": "./images/fapo (1).jpg",
      "ctgy": "Activewear"
    },
    {
      "id": "t2",
      "img": "./images/fapo (1).webp",
      "ctgy": "Activewear"
    },
    {
      "id": "t3",
      "img": "./images/fapo (1).webp",
      "ctgy": "Activewear"
    },
    {
      "id": "t4",
      "img": "./images/fapo (2).webp",
      "ctgy": "Co-ords"
    },
    {
      "id": "t5",
      "img": "./images/fapo (3).webp",
      "ctgy": "Activewear"
    },
    {
      "id": "t6",
      "img": "./images/fapo (4).webp",
      "ctgy": "Activewear"
    },
    {
      "id": "t7",
      "img": "./images/fapo (5).webp",
      "ctgy": "Jeans"
    },
    {
      "id": "t8",
      "img": "./images/fapo (6).webp",
      "ctgy": "Activewear"
    },
    {
      "id": "t9",
      "img": "./images/fapo (7).webp",
      "ctgy": "Lingeries"
    },
    {
      "id": "t10",
      "img": "./images/fapo (8).webp",
      "ctgy": "Activewear"
    },
    {
      "id": "t11",
      "img": "./images/fapo (8).webp",
      "ctgy": "Skirts & Tops"
    },
    {
      "id": "t12",
      "img": "./images/fapo (1).webp",
      "ctgy": "Activewear"
    },
    {
      "id": "t13",
      "img": "./images/fapo (3).webp",
      "ctgy": "Activewear"
    },
    {
      "id": "t14",
      "img": "./images/fapo (6).webp",
      "ctgy": "Activewear"
    },
    {
      "id": "t15",
      "img": "./images/fapo (2).webp",
      "ctgy": "Activewear"
    }
  ]
}